accounting_account	accounting_accountgroup	group_id	id	accounting_account_group_id_81ebec0f_fk_accountin
accounting_accountgroup	accounting_accountclass	accountclass_id	id	accounting_accountgr_accountclass_id_f1b5f140_fk_accountin
accounting_incomingbalance	accounting_account	account_id	num	accounting_incomingb_account_id_301e028a_fk_accountin
accounting_incomingbalance	accounting_year	year_id	year	accounting_incomingb_year_id_6d3a4bcc_fk_accountin
accounting_journalentry	accounting_year	year_id	year	accounting_journalen_year_id_1ddb15c8_fk_accountin
accounting_journalitem	accounting_account	account_id	num	accounting_journalit_account_id_059cd84b_fk_accountin
accounting_journalitem	accounting_journalentry	journal_id	id	accounting_journalit_journal_id_bdf1d834_fk_accountin
accounting_journalitem	accounting_object	object_id	id	accounting_journalit_object_id_924da328_fk_accountin
accounting_journalurl	accounting_journalentry	journal_id	id	accounting_journalur_journal_id_6715dde3_fk_accountin
adyen_adyenlog	invoices_invoicepaymentmethod	paymentmethod_id	id	adyen_adyenlog_paymentmethod_id_2ea9e2c2_fk_invoices_
adyen_notification	adyen_rawnotification	rawnotification_id	id	adyen_notification_rawnotification_id_00615507_fk_adyen_raw
adyen_rawnotification	invoices_invoicepaymentmethod	paymentmethod_id	id	adyen_rawnotificatio_paymentmethod_id_e6192e67_fk_invoices_
adyen_refund	adyen_notification	notification_id	id	adyen_refund_notification_id_2d584be1_fk_adyen_notification_id
adyen_refund	adyen_transactionstatus	transaction_id	id	adyen_refund_transaction_id_4cb89786_fk_adyen_tra
adyen_report	adyen_notification	notification_id	id	adyen_report_notification_id_09fce751_fk_adyen_notification_id
adyen_report	invoices_invoicepaymentmethod	paymentmethod_id	id	adyen_report_paymentmethod_id_9d8d85cd_fk_invoices_
adyen_transactionstatus	adyen_notification	notification_id	id	adyen_transactionsta_notification_id_e96c727e_fk_adyen_not
adyen_transactionstatus	invoices_invoicepaymentmethod	paymentmethod_id	id	adyen_transactionsta_paymentmethod_id_34723dd4_fk_invoices_
auth_group_permissions	auth_group	group_id	id	auth_group_permissions_group_id_b120cbf9_fk_auth_group_id
auth_group_permissions	auth_permission	permission_id	id	auth_group_permissio_permission_id_84c5c92e_fk_auth_perm
auth_permission	django_content_type	content_type_id	id	auth_permission_content_type_id_2f476e4b_fk_django_co
auth_user_groups	auth_group	group_id	id	auth_user_groups_group_id_97559544_fk_auth_group_id
auth_user_groups	auth_user	user_id	id	auth_user_groups_user_id_6a12ed8b_fk_auth_user_id
auth_user_user_permissions	auth_permission	permission_id	id	auth_user_user_permi_permission_id_1fbb5f2c_fk_auth_perm
auth_user_user_permissions	auth_user	user_id	id	auth_user_user_permissions_user_id_a95ead1b_fk_auth_user_id
braintreepayment_braintreelog	invoices_invoicepaymentmethod	paymentmethod_id	id	braintreepayment_bra_paymentmethod_id_c47c8e61_fk_invoices_
braintreepayment_braintreetransaction	invoices_invoicepaymentmethod	paymentmethod_id	id	braintreepayment_bra_paymentmethod_id_bbc4adfd_fk_invoices_
confreg_accesstoken	confreg_conference	conference_id	id	confreg_accesstoken_conference_id_cb165c88_fk_confreg_c
confreg_aggregateddietary	confreg_conference	conference_id	id	confreg_aggregateddi_conference_id_64c45a21_fk_confreg_c
confreg_aggregatedtshirtsizes	confreg_conference	conference_id	id	confreg_aggregatedts_conference_id_663cbda8_fk_confreg_c
confreg_aggregatedtshirtsizes	confreg_shirtsize	size_id	id	confreg_aggregatedts_size_id_b2c798cd_fk_confreg_s
confreg_attendeemail	confreg_conference	conference_id	id	confreg_attendeemail_conference_id_9c038d8b_fk_confreg_c
confreg_attendeemail_addopts	confreg_attendeemail	attendeemail_id	id	confreg_attendeemail_attendeemail_id_ea92ad2e_fk_confreg_a
confreg_attendeemail_addopts	confreg_conferenceadditionaloption	conferenceadditionaloption_id	id	confreg_attendeemail_conferenceadditional_3af83e58_fk_confreg_c
confreg_attendeemail_pending_regs	confreg_attendeemail	attendeemail_id	id	confreg_attendeemail_attendeemail_id_a7e76b03_fk_confreg_a
confreg_attendeemail_pending_regs	auth_user	user_id	id	confreg_attendeemail_user_id_89b36197_fk_auth_user
confreg_attendeemail_regclasses	confreg_attendeemail	attendeemail_id	id	confreg_attendeemail_attendeemail_id_d0c6da89_fk_confreg_a
confreg_attendeemail_regclasses	confreg_registrationclass	registrationclass_id	id	confreg_attendeemail_registrationclass_id_d9a37077_fk_confreg_r
confreg_attendeemail_registrations	confreg_attendeemail	attendeemail_id	id	confreg_attendeemail_attendeemail_id_501235c9_fk_confreg_a
confreg_attendeemail_registrations	confreg_conferenceregistration	conferenceregistration_id	id	confreg_attendeemail_conferenceregistrati_4f926251_fk_confreg_c
confreg_bulkpayment	confreg_conference	conference_id	id	confreg_bulkpayment_conference_id_da675902_fk_confreg_c
confreg_bulkpayment	invoices_invoice	invoice_id	id	confreg_bulkpayment_invoice_id_a8a4fa5b_fk_invoices_invoice_id
confreg_bulkpayment	auth_user	user_id	id	confreg_bulkpayment_user_id_f73d2531_fk_auth_user_id
confreg_conference	digisign_digisignprovider	contractprovider_id	id	confreg_conference_contractprovider_id_a632f350_fk_digisign_
confreg_conference	confreg_conferenceseries	series_id	id	confreg_conference_series_id_f233d7e5_fk_confreg_c
confreg_conference	invoices_vatrate	vat_registrations_id	id	confreg_conference_vat_registrations_id_eb4f3943_fk_invoices_
confreg_conference	invoices_vatrate	vat_sponsorship_id	id	confreg_conference_vat_sponsorship_id_9977555c_fk_invoices_
confreg_conference_administrators	confreg_conference	conference_id	id	confreg_conference_a_conference_id_99901af1_fk_confreg_c
confreg_conference_administrators	auth_user	user_id	id	confreg_conference_a_user_id_f22d895a_fk_auth_user
confreg_conference_checkinprocessors	confreg_conference	conference_id	id	confreg_conference_c_conference_id_bf526556_fk_confreg_c
confreg_conference_checkinprocessors	confreg_conferenceregistration	conferenceregistration_id	id	confreg_conference_c_conferenceregistrati_5ff562c7_fk_confreg_c
confreg_conference_initial_common_countries	confreg_conference	conference_id	id	confreg_conference_i_conference_id_8a8e96bd_fk_confreg_c
confreg_conference_initial_common_countries	country	country_id	iso	confreg_conference_i_country_id_97705c0f_fk_country_i
confreg_conference_paymentmethods	confreg_conference	conference_id	id	confreg_conference_p_conference_id_933887d3_fk_confreg_c
confreg_conference_paymentmethods	invoices_invoicepaymentmethod	invoicepaymentmethod_id	id	confreg_conference_p_invoicepaymentmethod_50f6ed1c_fk_invoices_
confreg_conference_staff	confreg_conference	conference_id	id	confreg_conference_s_conference_id_c0b22720_fk_confreg_c
confreg_conference_staff	auth_user	user_id	id	confreg_conference_staff_user_id_56e6a901_fk_auth_user_id
confreg_conference_talkvoters	confreg_conference	conference_id	id	confreg_conference_t_conference_id_5885b31a_fk_confreg_c
confreg_conference_talkvoters	auth_user	user_id	id	confreg_conference_talkvoters_user_id_5e364954_fk_auth_user_id
confreg_conference_testers	confreg_conference	conference_id	id	confreg_conference_t_conference_id_28c6021e_fk_confreg_c
confreg_conference_testers	auth_user	user_id	id	confreg_conference_testers_user_id_35e9dfba_fk_auth_user_id
confreg_conference_volunteers	confreg_conference	conference_id	id	confreg_conference_v_conference_id_f52b474e_fk_confreg_c
confreg_conference_volunteers	confreg_conferenceregistration	conferenceregistration_id	id	confreg_conference_v_conferenceregistrati_175a7a41_fk_confreg_c
confreg_conferenceadditionaloption	confreg_conference	conference_id	id	confreg_conferencead_conference_id_ba664556_fk_confreg_c
confreg_conferenceadditionaloption_additionaldays	confreg_conferenceadditionaloption	conferenceadditionaloption_id	id	confreg_conferencead_conferenceadditional_d078c1c5_fk_confreg_c
confreg_conferenceadditionaloption_additionaldays	confreg_registrationday	registrationday_id	id	confreg_conferencead_registrationday_id_20b5672c_fk_confreg_r
confreg_conferenceadditionaloption_mutually_exclusive	confreg_conferenceadditionaloption	from_conferenceadditionaloption_id	id	confreg_conferencead_from_conferenceaddit_1b19ed36_fk_confreg_c
confreg_conferenceadditionaloption_mutually_exclusive	confreg_conferenceadditionaloption	to_conferenceadditionaloption_id	id	confreg_conferencead_to_conferenceadditio_a2c4bcf2_fk_confreg_c
confreg_conferenceadditionaloption_requires_regtype	confreg_conferenceadditionaloption	conferenceadditionaloption_id	id	confreg_conferencead_conferenceadditional_124d5fd8_fk_confreg_c
confreg_conferenceadditionaloption_requires_regtype	confreg_registrationtype	registrationtype_id	id	confreg_conferencead_registrationtype_id_13eff3ef_fk_confreg_r
confreg_conferencefeedbackanswer	auth_user	attendee_id	id	confreg_conferencefe_attendee_id_88de424a_fk_auth_user
confreg_conferencefeedbackanswer	confreg_conference	conference_id	id	confreg_conferencefe_conference_id_dc531a80_fk_confreg_c
confreg_conferencefeedbackanswer	confreg_conferencefeedbackquestion	question_id	id	confreg_conferencefe_question_id_da88a17f_fk_confreg_c
confreg_conferencefeedbackquestion	confreg_conference	conference_id	id	confreg_conferencefe_conference_id_2471345e_fk_confreg_c
confreg_conferencehashtag	confreg_conference	conference_id	id	confreg_conferenceha_conference_id_aa3366e3_fk_confreg_c
confreg_conferenceincomingtweet	confreg_conference	conference_id	id	confreg_conferencein_conference_id_7f66e89f_fk_confreg_c
confreg_conferenceincomingtweet	auth_user	processedby_id	id	confreg_conferencein_processedby_id_00de017a_fk_auth_user
confreg_conferenceincomingtweet	confreg_messagingprovider	provider_id	id	confreg_conferencein_provider_id_185bbccc_fk_confreg_m
confreg_conferenceincomingtweetmedia	confreg_conferenceincomingtweet	incomingtweet_id	id	confreg_conferencein_incomingtweet_id_ba2c6095_fk_confreg_c
confreg_conferencemessaging	confreg_conference	conference_id	id	confreg_conferenceme_conference_id_08a47c94_fk_confreg_c
confreg_conferencemessaging	confreg_messagingprovider	provider_id	id	confreg_conferenceme_provider_id_c119d697_fk_confreg_m
confreg_conferencenews	newsevents_newsposterprofile	author_id	author_id	confreg_conferencene_author_id_d66ac639_fk_newsevent
confreg_conferencenews	confreg_conference	conference_id	id	confreg_conferencene_conference_id_a2a4b156_fk_confreg_c
confreg_conferenceregistration	auth_user	attendee_id	id	confreg_conferencere_attendee_id_afadbe3c_fk_auth_user
confreg_conferenceregistration	confreg_bulkpayment	bulkpayment_id	id	confreg_conferencere_bulkpayment_id_d954e0f1_fk_confreg_b
confreg_conferenceregistration	confreg_conferenceregistration	checkedinby_id	id	confreg_conferencere_checkedinby_id_dfbff89a_fk_confreg_c
confreg_conferenceregistration	confreg_conference	conference_id	id	confreg_conferencere_conference_id_6addcd37_fk_confreg_c
confreg_conferenceregistration	country	country_id	iso	confreg_conferencere_country_id_0f0a22d4_fk_country_i
confreg_conferenceregistration	invoices_invoice	invoice_id	id	confreg_conferencere_invoice_id_c60c568b_fk_invoices_
confreg_conferenceregistration	confreg_conference	messaging_copiedfrom_id	id	confreg_conferencere_messaging_copiedfrom_46155d8e_fk_confreg_c
confreg_conferenceregistration	confreg_conferencemessaging	messaging_id	id	confreg_conferencere_messaging_id_2f1e0fe8_fk_confreg_c
confreg_conferenceregistration	auth_user	registrator_id	id	confreg_conferencere_registrator_id_ae0853cc_fk_auth_user
confreg_conferenceregistration	confreg_registrationtype	regtype_id	id	confreg_conferencere_regtype_id_3f0f16e5_fk_confreg_r
confreg_conferenceregistration	confreg_shirtsize	shirtsize_id	id	confreg_conferencere_shirtsize_id_bef90b58_fk_confreg_s
confreg_conferenceregistration_additionaloptions	confreg_conferenceadditionaloption	conferenceadditionaloption_id	id	confreg_conferencere_conferenceadditional_ea3a1878_fk_confreg_c
confreg_conferenceregistration_additionaloptions	confreg_conferenceregistration	conferenceregistration_id	id	confreg_conferencere_conferenceregistrati_52ca4784_fk_confreg_c
confreg_conferenceregistrationlog	confreg_conferenceregistration	reg_id	id	confreg_conferencere_reg_id_ea360ca1_fk_confreg_c
confreg_conferenceregistrationlog	auth_user	user_id	id	confreg_conferencere_user_id_4642e4da_fk_auth_user
confreg_conferenceregistrationtemporarytoken	confreg_conferenceregistration	reg_id	id	confreg_conferencere_reg_id_cbcdc611_fk_confreg_c
confreg_conferenceseries_administrators	confreg_conferenceseries	conferenceseries_id	id	confreg_conferencese_conferenceseries_id_7b14e833_fk_confreg_c
confreg_conferenceseries_administrators	auth_user	user_id	id	confreg_conferencese_user_id_ff4d5c73_fk_auth_user
confreg_conferenceseriesoptout	confreg_conferenceseries	series_id	id	confreg_conferencese_series_id_e62e57d2_fk_confreg_c
confreg_conferenceseriesoptout	auth_user	user_id	id	confreg_conferenceseriesoptout_user_id_389bdd5c_fk_auth_user_id
confreg_conferencesession	confreg_conference	conference_id	id	confreg_conferencese_conference_id_f0f623f4_fk_confreg_c
confreg_conferencesession	confreg_room	room_id	id	confreg_conferencesession_room_id_1670d4c8_fk_confreg_room_id
confreg_conferencesession	confreg_room	tentativeroom_id	id	confreg_conferencese_tentativeroom_id_61987cad_fk_confreg_r
confreg_conferencesession	confreg_conferencesessionscheduleslot	tentativescheduleslot_id	id	confreg_conferencese_tentativescheduleslo_f4077dce_fk_confreg_c
confreg_conferencesession	confreg_track	track_id	id	confreg_conferencesession_track_id_b537dfe9_fk_confreg_track_id
confreg_conferencesession_speaker	confreg_conferencesession	conferencesession_id	id	confreg_conferencese_conferencesession_id_9deeae1b_fk_confreg_c
confreg_conferencesession_speaker	confreg_speaker	speaker_id	id	confreg_conferencese_speaker_id_25f3c328_fk_confreg_s
confreg_conferencesession_tags	confreg_conferencesession	conferencesession_id	id	confreg_conferencese_conferencesession_id_4f5f6fe7_fk_confreg_c
confreg_conferencesession_tags	confreg_conferencesessiontag	conferencesessiontag_id	id	confreg_conferencese_conferencesessiontag_fa15c012_fk_confreg_c
confreg_conferencesessionfeedback	auth_user	attendee_id	id	confreg_conferencese_attendee_id_59a86695_fk_auth_user
confreg_conferencesessionfeedback	confreg_conference	conference_id	id	confreg_conferencese_conference_id_de6f91bc_fk_confreg_c
confreg_conferencesessionfeedback	confreg_conferencesession	session_id	id	confreg_conferencese_session_id_9ad1ac8f_fk_confreg_c
confreg_conferencesessionscheduleslot	confreg_conference	conference_id	id	confreg_conferencese_conference_id_0624b638_fk_confreg_c
confreg_conferencesessionslides	confreg_conferencesession	session_id	id	confreg_conferencese_session_id_4e433f43_fk_confreg_c
confreg_conferencesessiontag	confreg_conference	conference_id	id	confreg_conferencese_conference_id_ce737544_fk_confreg_c
confreg_conferencesessionvote	confreg_conferencesession	session_id	id	confreg_conferencese_session_id_b55319c8_fk_confreg_c
confreg_conferencesessionvote	auth_user	voter_id	id	confreg_conferencesessionvote_voter_id_3ae4466a_fk_auth_user_id
confreg_conferencetweetqueue	auth_user	approvedby_id	id	confreg_conferencetw_approvedby_id_0d36aa6a_fk_auth_user
confreg_conferencetweetqueue	auth_user	author_id	id	confreg_conferencetweetqueue_author_id_7c687f15_fk_auth_user_id
confreg_conferencetweetqueue	confreg_conference	conference_id	id	confreg_conferencetw_conference_id_98487c04_fk_confreg_c
confreg_conferencetweetqueue_remainingtosend	confreg_conferencetweetqueue	conferencetweetqueue_id	id	confreg_conferencetw_conferencetweetqueue_0a580d15_fk_confreg_c
confreg_conferencetweetqueue_remainingtosend	confreg_messagingprovider	messagingprovider_id	id	confreg_conferencetw_messagingprovider_id_4772d37f_fk_confreg_m
confreg_crossconferenceemail	auth_user	sentby_id	id	confreg_crossconferenceemail_sentby_id_83fdb6f9_fk_auth_user_id
confreg_crossconferenceemailrecipient	confreg_crossconferenceemail	email_id	id	confreg_crossconfere_email_id_aecae72f_fk_confreg_c
confreg_crossconferenceemailrule	confreg_conference	conference_id	id	confreg_crossconfere_conference_id_da7ac1e8_fk_confreg_c
confreg_crossconferenceemailrule	confreg_crossconferenceemail	email_id	id	confreg_crossconfere_email_id_5c081536_fk_confreg_c
confreg_discountcode	confreg_conference	conference_id	id	confreg_discountcode_conference_id_89b8d5d6_fk_confreg_c
confreg_discountcode	confsponsor_sponsor	sponsor_id	id	confreg_discountcode_sponsor_id_eae8e1df_fk_confspons
confreg_discountcode	auth_user	sponsor_rep_id	id	confreg_discountcode_sponsor_rep_id_fd463e53_fk_auth_user_id
confreg_discountcode_registrations	confreg_conferenceregistration	conferenceregistration_id	id	confreg_discountcode_conferenceregistrati_c9919138_fk_confreg_c
confreg_discountcode_registrations	confreg_discountcode	discountcode_id	id	confreg_discountcode_discountcode_id_c8aeb78b_fk_confreg_d
confreg_discountcode_requiresoption	confreg_conferenceadditionaloption	conferenceadditionaloption_id	id	confreg_discountcode_conferenceadditional_642833a2_fk_confreg_c
confreg_discountcode_requiresoption	confreg_discountcode	discountcode_id	id	confreg_discountcode_discountcode_id_31f89012_fk_confreg_d
confreg_discountcode_requiresregtype	confreg_discountcode	discountcode_id	id	confreg_discountcode_discountcode_id_b8d8678b_fk_confreg_d
confreg_discountcode_requiresregtype	confreg_registrationtype	registrationtype_id	id	confreg_discountcode_registrationtype_id_e211d4f6_fk_confreg_r
confreg_globaloptout	auth_user	user_id	id	confreg_globaloptout_user_id_6d4c7bce_fk_auth_user_id
confreg_incomingdirectmessage	confreg_messagingprovider	provider_id	id	confreg_incomingdire_provider_id_5ec6200c_fk_confreg_m
confreg_messagingprovider	confreg_conference	route_incoming_id	id	confreg_messagingpro_route_incoming_id_2b39dead_fk_confreg_c
confreg_messagingprovider	confreg_conferenceseries	series_id	id	confreg_messagingpro_series_id_11d1cdf6_fk_confreg_c
confreg_notificationqueue	confreg_conferencemessaging	messaging_id	id	confreg_notification_messaging_id_83e276d9_fk_confreg_c
confreg_notificationqueue	confreg_conferenceregistration	reg_id	id	confreg_notification_reg_id_775b6e76_fk_confreg_c
confreg_pendingadditionalorder	invoices_invoice	invoice_id	id	confreg_pendingaddit_invoice_id_053cedd9_fk_invoices_
confreg_pendingadditionalorder	confreg_registrationtype	newregtype_id	id	confreg_pendingaddit_newregtype_id_ca460b3c_fk_confreg_r
confreg_pendingadditionalorder	confreg_conferenceregistration	reg_id	id	confreg_pendingaddit_reg_id_5871277f_fk_confreg_c
confreg_pendingadditionalorder_options	confreg_conferenceadditionaloption	conferenceadditionaloption_id	id	confreg_pendingaddit_conferenceadditional_8bbece67_fk_confreg_c
confreg_pendingadditionalorder_options	confreg_pendingadditionalorder	pendingadditionalorder_id	id	confreg_pendingaddit_pendingadditionalord_38b375f1_fk_confreg_p
confreg_prepaidbatch	auth_user	buyer_id	id	confreg_prepaidbatch_buyer_id_af9349e7_fk_auth_user_id
confreg_prepaidbatch	confreg_conference	conference_id	id	confreg_prepaidbatch_conference_id_4b15b581_fk_confreg_c
confreg_prepaidbatch	confreg_registrationtype	regtype_id	id	confreg_prepaidbatch_regtype_id_27eeb108_fk_confreg_r
confreg_prepaidbatch	confsponsor_sponsor	sponsor_id	id	confreg_prepaidbatch_sponsor_id_b81cf8dd_fk_confspons
confreg_prepaidvoucher	confreg_prepaidbatch	batch_id	id	confreg_prepaidvouch_batch_id_7fb6b632_fk_confreg_p
confreg_prepaidvoucher	confreg_conference	conference_id	id	confreg_prepaidvouch_conference_id_6f1fa3ca_fk_confreg_c
confreg_prepaidvoucher	confreg_conferenceregistration	user_id	id	confreg_prepaidvouch_user_id_68d7a746_fk_confreg_c
confreg_refundpattern	confreg_conference	conference_id	id	confreg_refundpatter_conference_id_0d69b160_fk_confreg_c
confreg_registrationclass	confreg_conference	conference_id	id	confreg_registration_conference_id_5da02092_fk_confreg_c
confreg_registrationday	confreg_conference	conference_id	id	confreg_registration_conference_id_90523339_fk_confreg_c
confreg_registrationtype	confreg_conference	conference_id	id	confreg_registration_conference_id_6e30fbfe_fk_confreg_c
confreg_registrationtype	confreg_registrationclass	regclass_id	id	confreg_registration_regclass_id_da249bf9_fk_confreg_r
confreg_registrationtype_days	confreg_registrationday	registrationday_id	id	confreg_registration_registrationday_id_e0a572fa_fk_confreg_r
confreg_registrationtype_days	confreg_registrationtype	registrationtype_id	id	confreg_registration_registrationtype_id_f4dfa71b_fk_confreg_r
confreg_registrationtype_requires_option	confreg_conferenceadditionaloption	conferenceadditionaloption_id	id	confreg_registration_conferenceadditional_b6778ddf_fk_confreg_c
confreg_registrationtype_requires_option	confreg_registrationtype	registrationtype_id	id	confreg_registration_registrationtype_id_6a5eae3c_fk_confreg_r
confreg_registrationwaitlistentry	confreg_conferenceregistration	registration_id	id	confreg_registration_registration_id_b531b51f_fk_confreg_c
confreg_registrationwaitlisthistory	confreg_registrationwaitlistentry	waitlist_id	registration_id	confreg_registration_waitlist_id_e6d5e6ff_fk_confreg_r
confreg_room	confreg_conference	conference_id	id	confreg_room_conference_id_30940465_fk_confreg_conference_id
confreg_room_availabledays	confreg_registrationday	registrationday_id	id	confreg_room_availab_registrationday_id_aa4c9848_fk_confreg_r
confreg_room_availabledays	confreg_room	room_id	id	confreg_room_availabledays_room_id_dcfa73df_fk_confreg_room_id
confreg_savedreportdefinition	confreg_conference	conference_id	id	confreg_savedreportd_conference_id_894d4c16_fk_confreg_c
confreg_speaker	auth_user	user_id	id	confreg_speaker_user_id_854c684c_fk_auth_user_id
confreg_track	confreg_conference	conference_id	id	confreg_track_conference_id_ee75c09e_fk_confreg_conference_id
confreg_volunteerassignment	confreg_conferenceregistration	reg_id	id	confreg_volunteerass_reg_id_428b2609_fk_confreg_c
confreg_volunteerassignment	confreg_volunteerslot	slot_id	id	confreg_volunteerass_slot_id_2455a36c_fk_confreg_v
confreg_volunteerslot	confreg_conference	conference_id	id	confreg_volunteerslo_conference_id_34eafcf6_fk_confreg_c
confsponsor_purchasedvoucher	confreg_prepaidbatch	batch_id	id	confsponsor_purchase_batch_id_a6e24804_fk_confreg_p
confsponsor_purchasedvoucher	confreg_conference	conference_id	id	confsponsor_purchase_conference_id_8b167055_fk_confreg_c
confsponsor_purchasedvoucher	invoices_invoice	invoice_id	id	confsponsor_purchase_invoice_id_941c8da9_fk_invoices_
confsponsor_purchasedvoucher	confreg_registrationtype	regtype_id	id	confsponsor_purchase_regtype_id_71180679_fk_confreg_r
confsponsor_purchasedvoucher	confsponsor_sponsor	sponsor_id	id	confsponsor_purchase_sponsor_id_30a7c012_fk_confspons
confsponsor_purchasedvoucher	auth_user	user_id	id	confsponsor_purchasedvoucher_user_id_1793c5a7_fk_auth_user_id
confsponsor_scannedattendee	confreg_conferenceregistration	attendee_id	id	confsponsor_scanneda_attendee_id_26b86345_fk_confreg_c
confsponsor_scannedattendee	confreg_conferenceregistration	scannedby_id	id	confsponsor_scanneda_scannedby_id_a2b4b7a5_fk_confreg_c
confsponsor_scannedattendee	confsponsor_sponsor	sponsor_id	id	confsponsor_scanneda_sponsor_id_be4d2ea0_fk_confspons
confsponsor_shipment	confsponsor_shipmentaddress	address_id	id	confsponsor_shipment_address_id_eeeff973_fk_confspons
confsponsor_shipment	confreg_conference	conference_id	id	confsponsor_shipment_conference_id_d28e3fe1_fk_confreg_c
confsponsor_shipment	confsponsor_sponsor	sponsor_id	id	confsponsor_shipment_sponsor_id_c47cfc69_fk_confspons
confsponsor_shipmentaddress	confreg_conference	conference_id	id	confsponsor_shipment_conference_id_d6734224_fk_confreg_c
confsponsor_shipmentaddress_available_to	confsponsor_shipmentaddress	shipmentaddress_id	id	confsponsor_shipment_shipmentaddress_id_05f729ca_fk_confspons
confsponsor_shipmentaddress_available_to	confsponsor_sponsorshiplevel	sponsorshiplevel_id	id	confsponsor_shipment_sponsorshiplevel_id_cd1e8f84_fk_confspons
confsponsor_sponsor	confreg_conference	conference_id	id	confsponsor_sponsor_conference_id_9fefb25b_fk_confreg_c
confsponsor_sponsor	digisign_digisigndocument	contract_id	id	confsponsor_sponsor_contract_id_2a37abb9_fk_digisign_
confsponsor_sponsor	invoices_invoice	invoice_id	id	confsponsor_sponsor_invoice_id_db2c2ada_fk_invoices_invoice_id
confsponsor_sponsor	confsponsor_sponsorshiplevel	level_id	id	confsponsor_sponsor_level_id_ab15fa56_fk_confspons
confsponsor_sponsor_managers	confsponsor_sponsor	sponsor_id	id	confsponsor_sponsor__sponsor_id_04870c55_fk_confspons
confsponsor_sponsor_managers	auth_user	user_id	id	confsponsor_sponsor_managers_user_id_df9571ee_fk_auth_user_id
confsponsor_sponsorclaimedbenefit	confsponsor_sponsorshipbenefit	benefit_id	id	confsponsor_sponsorc_benefit_id_e1377bdb_fk_confspons
confsponsor_sponsorclaimedbenefit	auth_user	claimedby_id	id	confsponsor_sponsorc_claimedby_id_bba2e155_fk_auth_user
confsponsor_sponsorclaimedbenefit	confsponsor_sponsor	sponsor_id	id	confsponsor_sponsorc_sponsor_id_31cf18c3_fk_confspons
confsponsor_sponsormail	confreg_conference	conference_id	id	confsponsor_sponsorm_conference_id_42de47d9_fk_confreg_c
confsponsor_sponsormail_levels	confsponsor_sponsormail	sponsormail_id	id	confsponsor_sponsorm_sponsormail_id_e490fee6_fk_confspons
confsponsor_sponsormail_levels	confsponsor_sponsorshiplevel	sponsorshiplevel_id	id	confsponsor_sponsorm_sponsorshiplevel_id_79a30fc5_fk_confspons
confsponsor_sponsormail_sponsors	confsponsor_sponsor	sponsor_id	id	confsponsor_sponsorm_sponsor_id_1bab43ec_fk_confspons
confsponsor_sponsormail_sponsors	confsponsor_sponsormail	sponsormail_id	id	confsponsor_sponsorm_sponsormail_id_a3811b1f_fk_confspons
confsponsor_sponsorscanner	confreg_conferenceregistration	scanner_id	id	confsponsor_sponsors_scanner_id_26c36a01_fk_confreg_c
confsponsor_sponsorscanner	confsponsor_sponsor	sponsor_id	id	confsponsor_sponsors_sponsor_id_51e86e59_fk_confspons
confsponsor_sponsorshipbenefit	confsponsor_sponsorshiplevel	level_id	id	confsponsor_sponsors_level_id_396f3a4f_fk_confspons
confsponsor_sponsorshipcontract	confreg_conference	conference_id	id	confsponsor_sponsors_conference_id_d510e5c8_fk_confreg_c
confsponsor_sponsorshiplevel	confreg_conference	conference_id	id	confsponsor_sponsors_conference_id_3619abd5_fk_confreg_c
confsponsor_sponsorshiplevel	confsponsor_sponsorshipcontract	contract_id	id	confsponsor_sponsors_contract_id_fc8df045_fk_confspons
confsponsor_sponsorshiplevel_paymentmethods	invoices_invoicepaymentmethod	invoicepaymentmethod_id	id	confsponsor_sponsors_invoicepaymentmethod_aedb0e47_fk_invoices_
confsponsor_sponsorshiplevel_paymentmethods	confsponsor_sponsorshiplevel	sponsorshiplevel_id	id	confsponsor_sponsors_sponsorshiplevel_id_d26278b5_fk_confspons
confwiki_attendeesignup	confreg_conferenceregistration	attendee_id	id	confwiki_attendeesig_attendee_id_48e0b3f0_fk_confreg_c
confwiki_attendeesignup	confwiki_signup	signup_id	id	confwiki_attendeesig_signup_id_d612c685_fk_confwiki_
confwiki_signup	confreg_conferenceregistration	author_id	id	confwiki_signup_author_id_85d25fde_fk_confreg_c
confwiki_signup	confreg_conference	conference_id	id	confwiki_signup_conference_id_b5038b6d_fk_confreg_conference_id
confwiki_signup_attendees	confreg_conferenceregistration	conferenceregistration_id	id	confwiki_signup_atte_conferenceregistrati_55236e48_fk_confreg_c
confwiki_signup_attendees	confwiki_signup	signup_id	id	confwiki_signup_atte_signup_id_ee54fd85_fk_confwiki_
confwiki_signup_regtypes	confreg_registrationtype	registrationtype_id	id	confwiki_signup_regt_registrationtype_id_f353e176_fk_confreg_r
confwiki_signup_regtypes	confwiki_signup	signup_id	id	confwiki_signup_regt_signup_id_f76c68a9_fk_confwiki_
confwiki_wikipage	confreg_conferenceregistration	author_id	id	confwiki_wikipage_author_id_5a5d0e5f_fk_confreg_c
confwiki_wikipage	confreg_conference	conference_id	id	confwiki_wikipage_conference_id_b2f0b4d4_fk_confreg_c
confwiki_wikipage_editor_attendee	confreg_conferenceregistration	conferenceregistration_id	id	confwiki_wikipage_ed_conferenceregistrati_3a868868_fk_confreg_c
confwiki_wikipage_editor_attendee	confwiki_wikipage	wikipage_id	id	confwiki_wikipage_ed_wikipage_id_9d6784e0_fk_confwiki_
confwiki_wikipage_editor_regtype	confreg_registrationtype	registrationtype_id	id	confwiki_wikipage_ed_registrationtype_id_995ae2ac_fk_confreg_r
confwiki_wikipage_editor_regtype	confwiki_wikipage	wikipage_id	id	confwiki_wikipage_ed_wikipage_id_1c2da480_fk_confwiki_
confwiki_wikipage_viewer_attendee	confreg_conferenceregistration	conferenceregistration_id	id	confwiki_wikipage_vi_conferenceregistrati_d9f484ac_fk_confreg_c
confwiki_wikipage_viewer_attendee	confwiki_wikipage	wikipage_id	id	confwiki_wikipage_vi_wikipage_id_46ec5d94_fk_confwiki_
confwiki_wikipage_viewer_regtype	confreg_registrationtype	registrationtype_id	id	confwiki_wikipage_vi_registrationtype_id_bd1246a6_fk_confreg_r
confwiki_wikipage_viewer_regtype	confwiki_wikipage	wikipage_id	id	confwiki_wikipage_vi_wikipage_id_22bb7ab9_fk_confwiki_
confwiki_wikipagehistory	confreg_conferenceregistration	author_id	id	confwiki_wikipagehis_author_id_b8500674_fk_confreg_c
confwiki_wikipagehistory	confwiki_wikipage	page_id	id	confwiki_wikipagehis_page_id_d7018ea4_fk_confwiki_
confwiki_wikipagesubscriber	confwiki_wikipage	page_id	id	confwiki_wikipagesub_page_id_45a05816_fk_confwiki_
confwiki_wikipagesubscriber	confreg_conferenceregistration	subscriber_id	id	confwiki_wikipagesub_subscriber_id_f937b4f1_fk_confreg_c
countries_europecountry	country	iso_id	iso	countries_europecountry_iso_id_438a9647_fk_country_iso
digisign_digisigndocument	digisign_digisignprovider	provider_id	id	digisign_digisigndoc_provider_id_5160ffa8_fk_digisign_
digisign_digisignlog	digisign_digisigndocument	document_id	id	digisign_digisignlog_document_id_98f2f1ba_fk_digisign_
digisign_digisignlog	digisign_digisignprovider	provider_id	id	digisign_digisignlog_provider_id_4832decc_fk_digisign_
django_admin_log	django_content_type	content_type_id	id	django_admin_log_content_type_id_c4bce8eb_fk_django_co
django_admin_log	auth_user	user_id	id	django_admin_log_user_id_c564eba6_fk_auth_user_id
elections_candidate	elections_election	election_id	id	elections_candidate_election_id_33d20ad1_fk_elections
elections_vote	elections_candidate	candidate_id	id	elections_vote_candidate_id_987e0d2c_fk_elections_candidate_id
elections_vote	elections_election	election_id	id	elections_vote_election_id_3575f2eb_fk_elections_election_id
elections_vote	membership_member	voter_id	user_id	elections_vote_voter_id_898d88fb_fk_membership_member_user_id
invoices_bankfileupload	invoices_invoicepaymentmethod	method_id	id	invoices_bankfileupl_method_id_6b05ba83_fk_invoices_
invoices_bankstatementrow	invoices_bankfileupload	fromfile_id	id	invoices_bankstateme_fromfile_id_baa6309c_fk_invoices_
invoices_bankstatementrow	invoices_invoicepaymentmethod	method_id	id	invoices_bankstateme_method_id_ff0b223f_fk_invoices_
invoices_banktransferfees	invoices_invoice	invoice_id	id	invoices_banktransfe_invoice_id_ba6e9cdb_fk_invoices_
invoices_invoice	invoices_invoicepaymentmethod	paidusing_id	id	invoices_invoice_paidusing_id_ff43fcb3_fk_invoices_
invoices_invoice	invoices_invoiceprocessor	processor_id	id	invoices_invoice_processor_id_72c7cf56_fk_invoices_
invoices_invoice	auth_user	recipient_user_id	id	invoices_invoice_recipient_user_id_be44cab0_fk_auth_user_id
invoices_invoice_allowedmethods	invoices_invoice	invoice_id	id	invoices_invoice_all_invoice_id_e46e9bab_fk_invoices_
invoices_invoice_allowedmethods	invoices_invoicepaymentmethod	invoicepaymentmethod_id	id	invoices_invoice_all_invoicepaymentmethod_0b531fd3_fk_invoices_
invoices_invoicehistory	invoices_invoice	invoice_id	id	invoices_invoicehist_invoice_id_05ee6eb8_fk_invoices_
invoices_invoicerefund	invoices_invoice	invoice_id	id	invoices_invoicerefu_invoice_id_617f3644_fk_invoices_
invoices_invoicerefund	invoices_vatrate	vatrate_id	id	invoices_invoicerefu_vatrate_id_340c5bcd_fk_invoices_
invoices_invoicerow	invoices_invoice	invoice_id	id	invoices_invoicerow_invoice_id_ef8db0dd_fk_invoices_invoice_id
invoices_invoicerow	invoices_vatrate	vatrate_id	id	invoices_invoicerow_vatrate_id_6a7cf8f2_fk_invoices_vatrate_id
invoices_pendingbankmatcher	accounting_account	foraccount_id	id	invoices_pendingbank_foraccount_id_2d681931_fk_accountin
invoices_pendingbankmatcher	accounting_journalentry	journalentry_id	id	invoices_pendingbank_journalentry_id_727f4e7d_fk_accountin
invoices_pendingbanktransaction	invoices_invoicepaymentmethod	method_id	id	invoices_pendingbank_method_id_f67aea43_fk_invoices_
invoices_vatrate	accounting_account	vataccount_id	id	invoices_vatrate_vataccount_id_96cab1b1_fk_accountin
membership_meeting_meetingadmins	membership_meeting	meeting_id	id	membership_meeting_m_meeting_id_8b7c74a4_fk_membershi
membership_meeting_meetingadmins	membership_member	member_id	user_id	membership_meeting_m_member_id_ff089ca7_fk_membershi
membership_meeting_members	membership_meeting	meeting_id	id	membership_meeting_m_meeting_id_ba98cba5_fk_membershi
membership_meeting_members	membership_member	member_id	user_id	membership_meeting_m_member_id_f2b52e65_fk_membershi
membership_meetingmessagelog	membership_meeting	meeting_id	id	membership_meetingme_meeting_id_3ac12d15_fk_membershi
membership_meetingmessagelog	membership_member	sender_id	user_id	membership_meetingme_sender_id_ab2f2cba_fk_membershi
membership_meetingreminder	membership_meeting	meeting_id	id	membership_meetingre_meeting_id_9a9d60c5_fk_membershi
membership_member	invoices_invoice	activeinvoice_id	id	membership_member_activeinvoice_id_95089f80_fk_invoices_
membership_member	country	country_id	iso	membership_member_country_id_204018bd_fk_country_iso
membership_member	auth_user	user_id	id	membership_member_user_id_1a2d84c3_fk_auth_user_id
membership_memberlog	membership_member	member_id	user_id	membership_memberlog_member_id_66739df4_fk_membershi
membership_membermail_sentto	membership_member	member_id	user_id	membership_membermai_member_id_56b0ccd0_fk_membershi
membership_membermail_sentto	membership_membermail	membermail_id	id	membership_membermai_membermail_id_5dc89d39_fk_membershi
membership_membermeetingkey	membership_meeting	meeting_id	id	membership_membermee_meeting_id_772a19bc_fk_membershi
membership_membermeetingkey	membership_member	member_id	user_id	membership_membermee_member_id_8a74a90c_fk_membershi
membership_membershipconfiguration_paymentmethods	invoices_invoicepaymentmethod	invoicepaymentmethod_id	id	membership_membershi_invoicepaymentmethod_3cab1b60_fk_invoices_
membership_membershipconfiguration_paymentmethods	membership_membershipconfiguration	membershipconfiguration_id	id	membership_membershi_membershipconfigurat_89c7df88_fk_membershi
newsevents_news	newsevents_newsposterprofile	author_id	author_id	newsevents_news_author_id_a706df14_fk_newsevent
newsevents_newsposterprofile	auth_user	author_id	id	newsevents_newsposterprofile_author_id_64edb5cb_fk_auth_user_id
paypal_errorlog	invoices_invoicepaymentmethod	paymentmethod_id	id	paypal_errorlog_paymentmethod_id_17c68993_fk_invoices_
paypal_transactioninfo	invoices_invoicepaymentmethod	paymentmethod_id	id	paypal_transactionin_paymentmethod_id_35e894d4_fk_invoices_
plaid_plaidtransaction	invoices_invoicepaymentmethod	paymentmethod_id	id	plaid_plaidtransacti_paymentmethod_id_0580c9b0_fk_invoices_
scheduler_jobhistory	scheduler_scheduledjob	job_id	id	scheduler_jobhistory_job_id_443e3f89_fk_scheduler
stripepayment_stripecheckout	invoices_invoicepaymentmethod	paymentmethod_id	id	stripepayment_stripe_paymentmethod_id_6a75be2a_fk_invoices_
stripepayment_stripelog	invoices_invoicepaymentmethod	paymentmethod_id	id	stripepayment_stripe_paymentmethod_id_0b3efc58_fk_invoices_
stripepayment_stripepayout	invoices_invoicepaymentmethod	paymentmethod_id	id	stripepayment_stripe_paymentmethod_id_71733fe9_fk_invoices_
stripepayment_striperefund	invoices_invoicerefund	invoicerefundid_id	id	stripepayment_stripe_invoicerefundid_id_dc0a4473_fk_invoices_
stripepayment_striperefund	invoices_invoicepaymentmethod	paymentmethod_id	id	stripepayment_stripe_paymentmethod_id_4157ae35_fk_invoices_
transferwise_transferwisemonthlystatement	invoices_invoicepaymentmethod	paymentmethod_id	id	transferwise_transfe_paymentmethod_id_2bea3c3e_fk_invoices_
transferwise_transferwisepayout	transferwise_transferwisetransaction	completedtrans_id	id	transferwise_transfe_completedtrans_id_b7dc675a_fk_transferw
transferwise_transferwisepayout	invoices_invoicepaymentmethod	paymentmethod_id	id	transferwise_transfe_paymentmethod_id_712d7724_fk_invoices_
transferwise_transferwiserefund	transferwise_transferwisetransaction	origtransaction_id	id	transferwise_transfe_origtransaction_id_d69281e2_fk_transferw
transferwise_transferwiserefund	transferwise_transferwisetransaction	refundtransaction_id	id	transferwise_transfe_refundtransaction_id_c518cc4c_fk_transferw
transferwise_transferwisetransaction	invoices_invoicepaymentmethod	paymentmethod_id	id	transferwise_transfe_paymentmethod_id_550536c0_fk_invoices_
trustlypayment_trustlylog	invoices_invoicepaymentmethod	paymentmethod_id	id	trustlypayment_trust_paymentmethod_id_e934cb7c_fk_invoices_
trustlypayment_trustlynotification	trustlypayment_trustlyrawnotification	rawnotification_id	id	trustlypayment_trust_rawnotification_id_c91eace1_fk_trustlypa
trustlypayment_trustlyrawnotification	invoices_invoicepaymentmethod	paymentmethod_id	id	trustlypayment_trust_paymentmethod_id_c37aab93_fk_invoices_
trustlypayment_trustlytransaction	invoices_invoicepaymentmethod	paymentmethod_id	id	trustlypayment_trust_paymentmethod_id_8c178ccb_fk_invoices_
trustlypayment_trustlywithdrawal	invoices_invoicepaymentmethod	paymentmethod_id	id	trustlypayment_trust_paymentmethod_id_a2b46557_fk_invoices_
